node_id,num_strict_deps,strict_deps,total_deps,conflict_count,conflict_percentage
ComfyUI-LivePortrait_v3,349,torch==2.3.0+cu121; torchaudio==2.3.0+cu121; torchmetrics==1.5.1; torchscale==0.3.0; torchsde==0.2.6; torchvision==0.18.0+cu121; absl-py==2.1.0; accelerate==0.34.2; addict==2.4.0; aggdraw==1.3.19; aiofiles==23.2.1; aiohappyeyeballs==2.4.0; aiohttp==3.10.5; aioresponses==0.7.6; aiosignal==1.3.1; albucore==0.0.14; albumentations==1.4.10; altair==5.4.1; annotated-types==0.7.0; anthropic==0.34.2; antlr4-python3-runtime==4.9.3; anyio==4.4.0; apscheduler==3.10.1; arrow==1.3.0; async-timeout==4.0.3; attrs==24.2.0; av==12.3.0; awscli==1.33.44; backoff==2.2.1; basicsr==1.4.2; beautifulsoup4==4.12.3; binaryornot==0.4.4; bitsandbytes==0.44.1; blend_modes==2.1.0; blind-watermark==0.4.4; boto3==1.34.123; botocore==1.34.162; cachetools==5.5.0; certifi==2024.8.30; cffi==1.17.0; cfgv==3.4.0; chardet==5.2.0; charset-normalizer==3.3.2; click==8.1.7; clip-interrogator==0.6.0; cmake==3.30.2; color-matcher==0.5.0; colorama==0.4.4; coloredlogs==15.0.1; colorlog==6.8.2; colour-science==0.4.4; contourpy==1.3.0; cookiecutter==2.6.0; cryptography==43.0.0; cssselect2==0.7.0; ctranslate2==4.5.0; cycler==0.12.1; cython==3.0.0; dataclasses-json==0.6.7; ddt==1.7.2; decord==0.6.0; deepspeed==0.15.1; defusedxml==0.7.1; deprecated==1.2.14; diffusers==0.31.0; dill==0.3.8; distlib==0.3.9; distro==1.9.0; docker==6.1.3; docker-pycreds==0.4.0; docopt==0.6.2; docstring_parser==0.16; docutils==0.16; easydict==1.13; einops==0.8.0; embreex==2.17.7.post5; exceptiongroup==1.2.2; fairscale==0.4.13; fal_client==0.5.2; fastapi==0.110.3; faster-whisper==1.0.3; ffmpeg==1.4; ffmpeg-python==0.2.0; ffprobe==0.5; filelock==3.13.1; flatbuffers==24.3.25; flet==0.24.1; flet-core==0.24.1; flet-runtime==0.24.1; fonttools==4.53.1; frozenlist==1.4.1; fsspec==2024.2.0; ftfy==6.2.3; future==1.0.0; fvcore==0.1.5.post20221221; gdown==5.2.0; gitdb==4.0.11; gitpython==3.1.43; gputil==1.4.0; gradio==4.37.1; gradio_client==1.0.2; grpcio==1.66.1; grpcio-status==1.66.1; h11==0.14.0; hjson==3.1.0; httpcore==1.0.5; httplib2==0.22.0; httptools==0.6.1; httpx==0.27.2; httpx-sse==0.4.0; huggingface-hub==0.23.4; humanfriendly==10.0; hydra-core==1.3.2; identify==2.6.1; idna==3.8; imageio==2.34.2; imageio-ffmpeg==0.5.1; importlib_metadata==8.5.0; importlib_resources==6.4.4; inference-cli==0.20.1; inference-gpu==0.20.1; iniconfig==2.0.0; insightface==0.7.3; instructor==1.6.3; iopath==0.1.10; jax==0.4.31; jaxlib==0.4.31; jinja2==3.1.4; jiter==0.5.0; jmespath==1.0.1; joblib==1.4.2; json_repair==0.30.0; jsonschema==4.23.0; jsonschema-specifications==2023.12.1; kaldi-native-fbank==1.20.0; kiwisolver==1.4.5; kornia==0.7.3; kornia_rs==0.1.5; lark-parser==0.12.0; lazy_loader==0.4; lightning-utilities==0.11.8; llvmlite==0.43.0; lmdb==1.4.1; loguru==0.7.2; loralib==0.1.2; lxml==5.3.0; manifold3d==2.5.1; mapbox_earcut==1.0.2; markdown==3.7; markdown-it-py==3.0.0; markupsafe==2.1.5; marshmallow==3.22.0; matplotlib==3.9.2; matrix-client==0.4.0; mdurl==0.1.2; mediapipe==0.10.15; ml-dtypes==0.4.0; mpmath==1.3.0; mss==9.0.2; multidict==6.0.5; multiscaledeformableattention==1.0; mypy-extensions==1.0.0; narwhals==1.6.0; natsort==8.4.0; networkx==3.2.1; ninja==1.11.1.1; nodeenv==1.9.1; numba==0.60.0; numpy==1.26.4; nvidia-cublas-cu12==12.1.3.1; nvidia-cuda-cupti-cu12==12.1.105; nvidia-cuda-nvrtc-cu12==12.1.105; nvidia-cuda-runtime-cu12==12.1.105; nvidia-cudnn-cu12==8.9.2.26; nvidia-cufft-cu12==11.0.2.54; nvidia-curand-cu12==10.3.2.106; nvidia-cusolver-cu12==11.4.5.107; nvidia-cusparse-cu12==12.1.0.106; nvidia-ml-py==12.560.30; nvidia-nccl-cu12==2.20.5; nvidia-nvjitlink-cu12==12.1.105; nvidia-nvtx-cu12==12.1.105; oauthlib==3.2.2; omegaconf==2.3.0; onnx==1.16.1; onnxruntime==1.19.2; onnxruntime-gpu==1.15.1; open_clip_torch==2.26.1; openai==1.52.1; opencv-contrib-python==4.10.0.84; opencv-python==4.10.0.84; opencv-python-headless==4.10.0.84; opt-einsum==3.3.0; orjson==3.10.7; packaging==24.1; pandas==2.2.2; peft==0.12.0; pendulum==3.0.0; piexif==1.1.3; pilgram==1.2.1; pillow==10.4.0; pixeloe==0.0.10; platformdirs==4.2.2; pluggy==1.5.0; pooch==1.8.2; portalocker==2.10.1; positional-encodings==6.0.3; pre_commit==4.0.1; prettytable==3.11.0; prometheus-fastapi-instrumentator==6.0.0; prometheus_client==0.21.0; proto-plus==1.24.0; protobuf==5.28.3; psd-tools==1.10.0; psutil==5.9.8; pulp==2.9.0; py-cpuinfo==9.0.0; pyasn1==0.6.1; pyasn1_modules==0.4.1; pybase64==1.4.0; pycollada==0.8; pycparser==2.22; pydantic==2.8.2; pydantic-settings==2.5.2; pydantic_core==2.20.1; pydot==3.0.2; pydub==0.25.1; pygithub==2.4.0; pygments==2.18.0; pyjwt==2.9.0; pykalman==0.9.7; pymatting==1.1.12; pynacl==1.5.0; pyopenssl==24.2.1; pyparsing==3.1.4; pypng==0.20220715.0; pysocks==1.7.1; pytest==8.3.3; pytest-asyncio==0.21.1; python-dateutil==2.9.0.post0; python-dotenv==1.0.1; python-multipart==0.0.9; python-slugify==8.0.4; pytorch-lightning==2.4.0; pytz==2024.1; pywavelets==1.7.0; pyyaml==6.0.1; pyzbar==0.1.9; qrcode==7.4.2; redis==5.0.8; referencing==0.35.1; regex==2024.7.24; rembg==2.0.59; repath==0.9.0; reportlab==4.2.5; requests==2.31.0; requests-file==2.1.0; requests-toolbelt==1.0.0; rf-clip==1.1; rich==13.9.3; rpds-py==0.20.0; rsa==4.7.2; rtree==1.3.0; ruff==0.6.3; s3transfer==0.10.2; safetensors==0.4.4; scenedetect==0.6.4; scikit-image==0.24.0; scikit-learn==1.5.1; scipy==1.13.1; seaborn==0.13.2; segment-anything==1.0; semantic-version==2.10.0; sentencepiece==0.2.0; sentry-sdk==2.14.0; setproctitle==1.3.3; shapely==2.0.6; shellingham==1.5.4; shtab==1.7.1; simpleeval==1.0.0; six==1.16.0; skypilot==0.5.0; smmap==5.0.1; sniffio==1.3.1; sounddevice==0.5.0; soundfile==0.12.1; soupsieve==2.6; spaces==0.30.3; spandrel==0.3.4; starlette==0.37.2; structlog==24.4.0; supervision==0.22.0; svg.path==6.3; svglib==1.5.1; sympy==1.12; tabulate==0.9.0; tb-nightly==2.18.0a20240911; tenacity==9.0.0; tensorboard-data-server==0.7.2; termcolor==2.5.0; text-unidecode==1.3; threadpoolctl==3.5.0; tifffile==2024.8.30; time-machine==2.15.0; timm==0.6.13; tinycss2==1.3.0; tldextract==5.1.2; tokenizers==0.19.1; tomli==2.0.1; tomlkit==0.12.0; tqdm==4.66.4; trampoline==0.1.2; transformers==4.44.2; transparent-background==1.3.2; trimesh==4.4.9; triton==2.3.0; typer==0.12.5; typer-config==1.4.0; types-python-dateutil==2.9.0.20240821; typing-inspect==0.9.0; typing_extensions==4.12.2; tyro==0.8.5; tzdata==2024.1; tzlocal==5.2; ultralytics==8.2.102; ultralytics-thop==2.0.8; uritemplate==4.1.1; urllib3==2.2.3; uvicorn==0.30.6; uvloop==0.20.0; vhacdx==0.0.8.post1; virtualenv==20.27.0; wandb==0.18.0; watchdog==4.0.2; watchfiles==0.24.0; wcwidth==0.2.13; webencodings==0.5.1; websocket-client==1.8.0; websockets==11.0.3; werkzeug==3.0.4; wget==3.2; wrapt==1.16.0; xatlas==0.0.9; xxhash==3.5.0; yacs==0.1.8; yapf==0.40.2; yarl==1.9.7; zipp==3.20.1; zxing-cpp==2.2.0,355,146,60.08230452674898
ComfyUI-LivePortrait_v2,349,torch==2.3.0+cu121; torchaudio==2.3.0+cu121; torchmetrics==1.5.1; torchscale==0.3.0; torchsde==0.2.6; torchvision==0.18.0+cu121; absl-py==2.1.0; accelerate==0.34.2; addict==2.4.0; aggdraw==1.3.19; aiofiles==23.2.1; aiohappyeyeballs==2.4.0; aiohttp==3.10.5; aioresponses==0.7.6; aiosignal==1.3.1; albucore==0.0.14; albumentations==1.4.10; altair==5.4.1; annotated-types==0.7.0; anthropic==0.34.2; antlr4-python3-runtime==4.9.3; anyio==4.4.0; apscheduler==3.10.1; arrow==1.3.0; async-timeout==4.0.3; attrs==24.2.0; av==12.3.0; awscli==1.33.44; backoff==2.2.1; basicsr==1.4.2; beautifulsoup4==4.12.3; binaryornot==0.4.4; bitsandbytes==0.44.1; blend_modes==2.1.0; blind-watermark==0.4.4; boto3==1.34.123; botocore==1.34.162; cachetools==5.5.0; certifi==2024.8.30; cffi==1.17.0; cfgv==3.4.0; chardet==5.2.0; charset-normalizer==3.3.2; click==8.1.7; clip-interrogator==0.6.0; cmake==3.30.2; color-matcher==0.5.0; colorama==0.4.4; coloredlogs==15.0.1; colorlog==6.8.2; colour-science==0.4.4; contourpy==1.3.0; cookiecutter==2.6.0; cryptography==43.0.0; cssselect2==0.7.0; ctranslate2==4.5.0; cycler==0.12.1; cython==3.0.0; dataclasses-json==0.6.7; ddt==1.7.2; decord==0.6.0; deepspeed==0.15.1; defusedxml==0.7.1; deprecated==1.2.14; diffusers==0.31.0; dill==0.3.8; distlib==0.3.9; distro==1.9.0; docker==6.1.3; docker-pycreds==0.4.0; docopt==0.6.2; docstring_parser==0.16; docutils==0.16; easydict==1.13; einops==0.8.0; embreex==2.17.7.post5; exceptiongroup==1.2.2; fairscale==0.4.13; fal_client==0.5.2; fastapi==0.110.3; faster-whisper==1.0.3; ffmpeg==1.4; ffmpeg-python==0.2.0; ffprobe==0.5; filelock==3.13.1; flatbuffers==24.3.25; flet==0.24.1; flet-core==0.24.1; flet-runtime==0.24.1; fonttools==4.53.1; frozenlist==1.4.1; fsspec==2024.2.0; ftfy==6.2.3; future==1.0.0; fvcore==0.1.5.post20221221; gdown==5.2.0; gitdb==4.0.11; gitpython==3.1.43; gputil==1.4.0; gradio==4.37.1; gradio_client==1.0.2; grpcio==1.66.1; grpcio-status==1.66.1; h11==0.14.0; hjson==3.1.0; httpcore==1.0.5; httplib2==0.22.0; httptools==0.6.1; httpx==0.27.2; httpx-sse==0.4.0; huggingface-hub==0.23.4; humanfriendly==10.0; hydra-core==1.3.2; identify==2.6.1; idna==3.8; imageio==2.34.2; imageio-ffmpeg==0.5.1; importlib_metadata==8.5.0; importlib_resources==6.4.4; inference-cli==0.20.1; inference-gpu==0.20.1; iniconfig==2.0.0; insightface==0.7.3; instructor==1.6.3; iopath==0.1.10; jax==0.4.31; jaxlib==0.4.31; jinja2==3.1.4; jiter==0.5.0; jmespath==1.0.1; joblib==1.4.2; json_repair==0.30.0; jsonschema==4.23.0; jsonschema-specifications==2023.12.1; kaldi-native-fbank==1.20.0; kiwisolver==1.4.5; kornia==0.7.3; kornia_rs==0.1.5; lark-parser==0.12.0; lazy_loader==0.4; lightning-utilities==0.11.8; llvmlite==0.43.0; lmdb==1.4.1; loguru==0.7.2; loralib==0.1.2; lxml==5.3.0; manifold3d==2.5.1; mapbox_earcut==1.0.2; markdown==3.7; markdown-it-py==3.0.0; markupsafe==2.1.5; marshmallow==3.22.0; matplotlib==3.9.2; matrix-client==0.4.0; mdurl==0.1.2; mediapipe==0.10.15; ml-dtypes==0.4.0; mpmath==1.3.0; mss==9.0.2; multidict==6.0.5; multiscaledeformableattention==1.0; mypy-extensions==1.0.0; narwhals==1.6.0; natsort==8.4.0; networkx==3.2.1; ninja==1.11.1.1; nodeenv==1.9.1; numba==0.60.0; numpy==1.26.4; nvidia-cublas-cu12==12.1.3.1; nvidia-cuda-cupti-cu12==12.1.105; nvidia-cuda-nvrtc-cu12==12.1.105; nvidia-cuda-runtime-cu12==12.1.105; nvidia-cudnn-cu12==8.9.2.26; nvidia-cufft-cu12==11.0.2.54; nvidia-curand-cu12==10.3.2.106; nvidia-cusolver-cu12==11.4.5.107; nvidia-cusparse-cu12==12.1.0.106; nvidia-ml-py==12.560.30; nvidia-nccl-cu12==2.20.5; nvidia-nvjitlink-cu12==12.1.105; nvidia-nvtx-cu12==12.1.105; oauthlib==3.2.2; omegaconf==2.3.0; onnx==1.16.1; onnxruntime==1.19.2; onnxruntime-gpu==1.15.1; open_clip_torch==2.26.1; openai==1.52.1; opencv-contrib-python==4.10.0.84; opencv-python==4.10.0.84; opencv-python-headless==4.10.0.84; opt-einsum==3.3.0; orjson==3.10.7; packaging==24.1; pandas==2.2.2; peft==0.12.0; pendulum==3.0.0; piexif==1.1.3; pilgram==1.2.1; pillow==10.4.0; pixeloe==0.0.10; platformdirs==4.2.2; pluggy==1.5.0; pooch==1.8.2; portalocker==2.10.1; positional-encodings==6.0.3; pre_commit==4.0.1; prettytable==3.11.0; prometheus-fastapi-instrumentator==6.0.0; prometheus_client==0.21.0; proto-plus==1.24.0; protobuf==5.28.3; psd-tools==1.10.0; psutil==5.9.8; pulp==2.9.0; py-cpuinfo==9.0.0; pyasn1==0.6.1; pyasn1_modules==0.4.1; pybase64==1.4.0; pycollada==0.8; pycparser==2.22; pydantic==2.8.2; pydantic-settings==2.5.2; pydantic_core==2.20.1; pydot==3.0.2; pydub==0.25.1; pygithub==2.4.0; pygments==2.18.0; pyjwt==2.9.0; pykalman==0.9.7; pymatting==1.1.12; pynacl==1.5.0; pyopenssl==24.2.1; pyparsing==3.1.4; pypng==0.20220715.0; pysocks==1.7.1; pytest==8.3.3; pytest-asyncio==0.21.1; python-dateutil==2.9.0.post0; python-dotenv==1.0.1; python-multipart==0.0.9; python-slugify==8.0.4; pytorch-lightning==2.4.0; pytz==2024.1; pywavelets==1.7.0; pyyaml==6.0.1; pyzbar==0.1.9; qrcode==7.4.2; redis==5.0.8; referencing==0.35.1; regex==2024.7.24; rembg==2.0.59; repath==0.9.0; reportlab==4.2.5; requests==2.31.0; requests-file==2.1.0; requests-toolbelt==1.0.0; rf-clip==1.1; rich==13.9.3; rpds-py==0.20.0; rsa==4.7.2; rtree==1.3.0; ruff==0.6.3; s3transfer==0.10.2; safetensors==0.4.4; scenedetect==0.6.4; scikit-image==0.24.0; scikit-learn==1.5.1; scipy==1.13.1; seaborn==0.13.2; segment-anything==1.0; semantic-version==2.10.0; sentencepiece==0.2.0; sentry-sdk==2.14.0; setproctitle==1.3.3; shapely==2.0.6; shellingham==1.5.4; shtab==1.7.1; simpleeval==1.0.0; six==1.16.0; skypilot==0.5.0; smmap==5.0.1; sniffio==1.3.1; sounddevice==0.5.0; soundfile==0.12.1; soupsieve==2.6; spaces==0.30.3; spandrel==0.3.4; starlette==0.37.2; structlog==24.4.0; supervision==0.22.0; svg.path==6.3; svglib==1.5.1; sympy==1.12; tabulate==0.9.0; tb-nightly==2.18.0a20240911; tenacity==9.0.0; tensorboard-data-server==0.7.2; termcolor==2.5.0; text-unidecode==1.3; threadpoolctl==3.5.0; tifffile==2024.8.30; time-machine==2.15.0; timm==0.6.13; tinycss2==1.3.0; tldextract==5.1.2; tokenizers==0.19.1; tomli==2.0.1; tomlkit==0.12.0; tqdm==4.66.4; trampoline==0.1.2; transformers==4.44.2; transparent-background==1.3.2; trimesh==4.4.9; triton==2.3.0; typer==0.12.5; typer-config==1.4.0; types-python-dateutil==2.9.0.20240821; typing-inspect==0.9.0; typing_extensions==4.12.2; tyro==0.8.5; tzdata==2024.1; tzlocal==5.2; ultralytics==8.2.102; ultralytics-thop==2.0.8; uritemplate==4.1.1; urllib3==2.2.3; uvicorn==0.30.6; uvloop==0.20.0; vhacdx==0.0.8.post1; virtualenv==20.27.0; wandb==0.18.0; watchdog==4.0.2; watchfiles==0.24.0; wcwidth==0.2.13; webencodings==0.5.1; websocket-client==1.8.0; websockets==11.0.3; werkzeug==3.0.4; wget==3.2; wrapt==1.16.0; xatlas==0.0.9; xxhash==3.5.0; yacs==0.1.8; yapf==0.40.2; yarl==1.9.7; zipp==3.20.1; zxing-cpp==2.2.0,355,146,60.08230452674898
comfyui_visual_anagrams,68,accelerate==0.23.0; attrs==23.1.0; certifi==2022.12.7; chardet==5.2.0; charset-normalizer==2.1.1; clip==0.2.0; colorama==0.4.6; coloredlogs==15.0.1; diffusers==0.21.4; dominate==2.8.0; einops==0.7.0; filelock==3.12.4; flatbuffers==23.5.26; fsspec==2023.12.0; ftfy==6.1.1; huggingface-hub==0.17.3; humanfriendly==10.0; idna==3.4; imageio==2.19.3; imageio-ffmpeg==0.4.7; importlib-metadata==6.8.0; jinja2==3.1.2; kornia==0.7.0; lazy_loader==0.3; markupsafe==2.1.3; mpmath==1.3.0; networkx==3.0; numpy==1.23.5; nvidia-cublas-cu12==12.1.3.1; nvidia-cuda-cupti-cu12==12.1.105; nvidia-cuda-nvrtc-cu12==12.1.105; nvidia-cuda-runtime-cu12==12.1.105; nvidia-cudnn-cu12==8.9.6.50; nvidia-cufft-cu12==11.0.2.54; nvidia-curand-cu12==10.3.2.106; nvidia-cusolver-cu12==11.4.5.107; nvidia-cusparse-cu12==12.1.0.106; nvidia-nvjitlink-cu12==12.2.140; nvidia-nvtx-cu12==12.1.105; onnx==1.14.0; onnxruntime-gpu==1.15.1; opencv-python==4.7.0.72; packaging==23.2; pillow==10.1.0; protobuf==4.23.2; psutil==5.9.5; pyreadline3==3.4.1; pywavelets==1.5.0; pyyaml==6.0.1; regex==2023.10.3; requests==2.28.1; safetensors==0.4.0; scikit-image==0.21.0; scipy==1.11.4; sentencepiece==0.1.99; sympy==1.12; tifffile==2023.9.26; tk==0.1.0; tokenizers==0.14.1; torch==2.1.1+cu118; torchaudio==2.0.2+cu118; torchvision==0.15.2+cu118; tqdm==4.66.1; transformers==4.34.0; typing_extensions==4.4.0; urllib3==1.26.13; wcwidth==0.2.12; zipp==3.17.0,68,116,47.73662551440329
comfyui-structured-outputs,63,aiohappyeyeballs==2.4.4; aiohttp==3.11.11; aiosignal==1.3.2; annotated-types==0.7.0; anyio==4.8.0; attrs==25.1.0; certifi==2024.12.14; charset-normalizer==3.4.1; click==8.1.8; colorama==0.4.6; distro==1.9.0; docstring-parser==0.16; filelock==3.17.0; frozenlist==1.5.0; fsspec==2024.12.0; h11==0.14.0; httpcore==1.0.7; httpx==0.28.1; idna==3.10; instructor==1.7.2; jinja2==3.1.5; jiter==0.8.2; markdown-it-py==3.0.0; markupsafe==3.0.2; mdurl==0.1.2; mpmath==1.3.0; multidict==6.1.0; networkx==3.4.2; numpy==2.2.2; nvidia-cublas-cu12==12.4.5.8; nvidia-cuda-cupti-cu12==12.4.127; nvidia-cuda-nvrtc-cu12==12.4.127; nvidia-cuda-runtime-cu12==12.4.127; nvidia-cudnn-cu12==9.1.0.70; nvidia-cufft-cu12==11.2.1.3; nvidia-curand-cu12==10.3.5.147; nvidia-cusolver-cu12==11.6.1.9; nvidia-cusparse-cu12==12.3.1.170; nvidia-nccl-cu12==2.21.5; nvidia-nvjitlink-cu12==12.4.127; nvidia-nvtx-cu12==12.4.127; openai==1.60.2; pillow==11.1.0; propcache==0.2.1; pydantic==2.10.6; pydantic-core==2.27.2; pygments==2.19.1; python-dotenv==1.0.1; requests==2.32.3; rich==13.9.4; setuptools==75.8.0; shellingham==1.5.4; sniffio==1.3.1; sympy==1.13.1; tenacity==9.0.0; torch==2.5.1; torchvision==0.20.1; tqdm==4.67.1; triton==3.1.0; typer==0.15.1; typing-extensions==4.12.2; urllib3==2.3.0; yarl==1.18.3,63,106,43.62139917695473
FitDiT-ComfyUI,12,torch==2.4.0; torchvision==0.19.0; accelerate==0.31.0; diffusers==0.31.0; transformers==4.39.3; gradio==5.8.0; numpy==1.23.0; scikit-image==0.24.0; huggingface_hub==0.26.5; onnxruntime==1.20.1; matplotlib==3.8.3; einops==0.7.0,13,105,43.20987654320987
StableDesign-for-ComfyUI,11,transformers==4.48.0; huggingface_hub==0.30.2; accelerate==1.6.0; altair==5.5.0; diffusers==0.33.1; numpy==1.26.4; opencv-python==4.11.0.86; pillow==11.2.1; scipy==1.15.2; transformers==4.48.0; xformers==0.0.29.post3,12,103,42.38683127572017
interior-design-for-comfyui,11,transformers==4.48.0; huggingface_hub==0.30.2; accelerate==1.6.0; altair==5.5.0; diffusers==0.33.1; numpy==1.26.4; opencv-python==4.11.0.86; pillow==11.2.1; scipy==1.15.2; transformers==4.48.0; xformers==0.0.29.post3,12,103,42.38683127572017
ComfyUI_CrossImageAttention,17,matplotlib==3.6.3; matplotlib-inline==0.1.6; jupyter==1.0.0; numpy==1.24.1; pyrallis==0.3.1; torch==2.0.1; torchvision==0.15.2; diffusers==0.19.3; transformers==4.30.2; accelerate==0.20.3; huggingface-hub==0.16.4; xformers==0.0.21; tokenizers==0.13.3; nltk==3.8.1; pillow==10.1.0; scikit_learn==1.3.0; tqdm==4.64.1,17,100,41.1522633744856
ComfyUI-Allegro,10,accelerate==0.33.0; diffusers==0.28.0; numpy==1.24.4; torch==2.4.1; tqdm==4.66.2; transformers==4.40.1; xformers==0.0.28.post1; einops==0.7.0; decord==0.6.0; sentencepiece==0.1.99,14,95,39.09465020576132
ViewCrafter-ComfyUI,33,av==10.0.0; decord==0.6.0; einops==0.6.1; imageio==2.27.0; imageio-ffmpeg==0.4.8; moviepy==1.0.3; numpy==1.23.5; open-clip-torch==2.17.1; opencv-python==4.7.0.72; pillow==9.4.0; pip==23.0.1; pyglet==1.5.0; pytorch-lightning==1.9.3; pyyaml==6.0; roma==1.5.0; scikit-image==0.20.0; scikit-learn==1.2.2; scipy==1.9.1; tensorboard==2.12.2; timm==0.6.13; tqdm==4.65.0; transformers==4.28.1; trimesh==4.4.3; gradio==3.37.0; gradio_client==0.7.1; omegaconf==2.3.0; altair==5.4.0; certifi==2024.7.4; grpcio==1.66.0; httpx==0.27.0; pygments==2.18.0; starlette==0.38.2; yarl==1.9.4,36,94,38.68312757201646
ComfyUI-StyleStudio,13,diffusers==0.25.1; torch==2.1.0; torchaudio==2.1.0; torchvision==0.16.0; transformers==4.45.2; numpy==1.26.4; xformers==0.0.22.post7; tokenizers==0.19.1; spaces==0.19.4; huggingface-hub==0.24.6; gradio==4.42.0; onnx==1.16.2; onnxruntime-gpu==1.19.0,22,91,37.4485596707819
objectfusion_comfyui_nodes,29,einops==0.8.0; spandrel==0.3.4; kornia==0.7.3; nltk==3.9.1; ollama==0.3.1; openai==1.42.0; opencv_python==4.8.0.76; opencv_python_headless==4.10.0.84; pillow==10.4.0; psutil==5.9.0; pyyaml==6.0.2; requests==2.31.0; safetensors==0.4.4; scipy==1.14.1; sentencepiece==0.2.0; scikit-image==0.24.0; supervision==0.22.0; torch==2.4.0; torchaudio==2.4.0; torchsde==0.2.6; torchvision==0.19.0; tqdm==4.66.4; transformers==4.44.0; ultralytics==8.2.78; websocket_client==1.8.0; xformers==0.0.27.post2; inference-gpu==0.16.2; bitsandbytes==0.43.3; accelerate==0.33.0,31,86,35.390946502057616
ComfyUI-PhotoDoodle,23,accelerate==0.33.0; transformers==4.44.0; diffusers==0.25.0; ftfy==6.1.1; opencv-python==4.8.1.78; einops==0.7.0; pytorch-lightning==1.9.0; bitsandbytes==0.44.0; prodigyopt==1.0; lion-pytorch==0.0.6; came_pytorch==0.1.3; schedulefree==1.4; safetensors==0.4.4; gradio==3.6; altair==4.2.2; easygui==0.98.3; toml==0.10.2; voluptuous==0.13.1; huggingface-hub==0.24.5; imagesize==1.4.1; numpy<=2.0; rich==13.7.0; sentencepiece==0.2.0,24,86,35.390946502057616
comfyui_creepy_nodes,8,argostranslate==1.9.6; ctranslate2<5; importlib_metadata==8.6.1; numpy==2.0.0; packaging==24.2; sacremoses==0.0.53; sentencepiece==0.2.0; pillow==11.0.0,11,84,34.5679012345679
ComfyUI-RabbitMQ-Publisher,3,numpy==2.1.3; pika==1.3.2; pillow==11.0.0,3,83,34.15637860082305
ComfyUI_CosyVoice,36,conformer==0.3.2; deepspeed==0.14.2; diffusers==0.29.0; gdown==5.1.0; gradio==5.4.0; grpcio==1.57.0; grpcio-tools==1.57.0; hydra-core==1.3.2; hyperpyyaml==1.2.2; inflect==7.3.1; librosa==0.10.2; lightning==2.2.4; matplotlib==3.7.5; modelscope==1.15.0; networkx==3.1; omegaconf==2.3.0; onnx==1.16.0; onnxruntime-gpu==1.18.0; onnxruntime==1.18.0; openai-whisper==20231117; protobuf==4.25; pydantic==2.7.0; rich==13.7.1; soundfile==0.12.1; tensorboard==2.14.0; tensorrt-cu12==10.0.1; tensorrt-cu12-bindings==10.0.1; tensorrt-cu12-libs==10.0.1; torch==2.3.1; torchaudio==2.3.1; transformers==4.40.1; uvicorn==0.30.0; wget==3.2; fastapi==0.115.6; fastapi-cli==0.0.4; wetextprocessing==1.0.3,38,82,33.744855967078195
Comfyui_CXH_Phi_3.5,6,flash_attn==2.5.8; numpy==1.24.4; pillow==10.3.0; requests==2.31.0; transformers==4.43.0; accelerate==0.30.0,6,82,33.744855967078195
CosyVoice2,35,audioseal==0.1.4; conformer==0.3.2; diffusers==0.27.2; funasr==1.2.0; gdown==5.1.0; huggingface-hub==0.23.5; hydra-core==1.3.2; hyperpyyaml==1.2.2; inflect==7.3.1; librosa==0.10.2; lightning==2.2.4; matplotlib==3.7.5; modelscope==1.17.1; networkx==3.1; omegaconf==2.3.0; onnx==1.16.0; onnxruntime-gpu==1.17.0; onnxconverter_common==1.14.0; openai-whisper==20231117; protobuf==3.20.2; pydantic==2.7.0; rich==13.7.1; soundfile==0.12.1; tensorboard==2.14.0; tensorrt-cu12==10.0.1; tensorrt-cu12-bindings==10.0.1; tensorrt-cu12-libs==10.0.1; torch==2.3.1; torchaudio==2.3.1; transformers==4.40.1; uvicorn==0.30.0; wget==3.2; fastapi==0.111.0; fastapi-cli==0.0.4; wetextprocessing==1.0.3,39,80,32.92181069958848
Comfyui_mobilesam,2,numpy==2.1.2; timm==1.0.9,3,80,32.92181069958848
ComfyUI-aichemy-nodes,39,certifi==2023.11.17; charset-normalizer==3.3.2; contourpy==1.2.0; cycler==0.12.1; filelock==3.13.1; fonttools==4.47.2; fsspec==2023.12.2; hub-sdk==0.0.3; idna==3.6; jinja2==3.1.3; kiwisolver==1.4.5; markupsafe==2.1.3; matplotlib==3.8.2; mpmath==1.3.0; networkx==3.2.1; numpy==1.26.3; opencv-python==4.9.0.80; packaging==23.2; pandas==2.1.4; pillow==10.2.0; psutil==5.9.7; py-cpuinfo==9.0.0; pyparsing==3.1.1; python-dateutil==2.8.2; pytz==2023.3.post1; pyyaml==6.0.1; requests==2.31.0; scipy==1.11.4; seaborn==0.13.1; six==1.16.0; sympy==1.12; thop==0.1.1.post2209072238; torch==2.1.2; torchvision==0.16.2; tqdm==4.66.1; typing_extensions==4.9.0; tzdata==2023.4; ultralytics==8.1.1; urllib3==2.1.0,39,79,32.510288065843625
comfyui-seamless-clone,3,numpy==2.2.0; opencv_python==4.10.0.84; torch==2.5.1,3,79,32.510288065843625
comfyui-fal-api-flux,3,requests==2.32.3; configparser==7.1.0; numpy==2.1.1,5,76,31.275720164609055
comfyui-scene-composer,12,aiohappyeyeballs==2.4.3; aiohttp==3.10.10; aiosignal==1.3.1; attrs==24.2.0; frozenlist==1.5.0; idna==3.10; multidict==6.1.0; numpy==2.1.2; propcache==0.2.0; pyyaml==6.0.2; toml==0.10.2; yarl==1.17.1,12,74,30.45267489711934
comfyui-prompt-factory,2,dpath==2.2.0; numpy==2.1.3,2,73,30.04115226337449
ComfyUI_Seg_VITON,8,pytorch-lightning==1.5.0; opencv-python==4.7.0.72; transformers==4.33.2; xformers==0.0.19; triton==2.0.0; open-clip-torch==2.19.0; diffusers==0.20.2; scipy==1.10.1,12,70,28.80658436213992
sd-lora-trainer,20,huggingface-hub==0.23.2; ujson==5.10.0; scipy==1.14.0; peft==0.10.0; invisible-watermark==0.2.0; pandas==2.2.1; numpy==1.26.4; opencv-python==4.10.0.84; mediapipe==0.10.14; openai==1.35.13; python-dotenv==1.0.1; prodigyopt==1.0; omegaconf==2.3.0; ujson==5.10.0; bitsandbytes==0.43.1; setuptools==70.3.0; torchtyping==0.1.5; einops==0.8.0; timm==1.0.8; triton<3.2.0,26,69,28.39506172839506
comfyui-idm-vton,8,accelerate==0.30.0; torchmetrics==1.4.0; tqdm==4.66.4; transformers==4.40.2; diffusers==0.27.2; einops==0.8.0; bitsandbytes==0.42; scipy==1.13.0,12,69,28.39506172839506
ComfyUI_NTCosyVoice,23,conformer==0.3.2; deepspeed==0.14.2; diffusers==0.27.2; gdown==5.1.0; grpcio==1.57.0; grpcio-tools==1.57.0; huggingface-hub==0.25.2; hydra-core==1.3.2; hyperpyyaml==1.2.2; inflect==7.3.1; librosa==0.10.2; lightning==2.2.4; matplotlib==3.7.5; modelscope==1.15.0; networkx==3.1; omegaconf==2.3.0; protobuf==4.25; pydantic==2.7.0; rich==13.7.1; soundfile==0.12.1; transformers==4.40.1; wget==3.2; wetextprocessing==1.0.3,33,68,27.983539094650205
diffusion360_comfyui,3,diffusers==0.26.0; realesrgan==0.3.0; numpy==1.23.5,11,65,26.74897119341564
comfyui-unianimate-w,13,numpy==1.26.0; opencv-python==4.9.0.80; pytorch_lightning==2.3.0; lightning_utilities==0.10.0; lightning_fabric==2.3.0; torchmetrics==1.3.0.post0; xformers==0.0.27; einops==0.7.0; onnxruntime==1.18.0; open-clip-torch==2.24.0; fairscale==0.4.13; easydict==1.11; imageio==2.33.1,15,64,26.337448559670783
comfyui-mvadapter,4,diffusers==0.31.0; transformers==4.46.3; huggingface_hub==0.24.6; accelerate==1.1.1,17,64,26.337448559670783
Comfyui-MusePose,17,einops==0.4.1; imageio==2.33.0; imageio-ffmpeg==0.4.9; omegaconf==2.2.3; opencv-contrib-python==4.8.1.78; opencv-python==4.8.1.78; scikit-image==0.21.0; scikit-learn==1.3.2; transformers==4.33.1; moviepy==1.0.3; urllib3==1.26.9; accelerate==0.29.3; av==11.0.0; decord==0.6.0; eva-decord==0.6.1; diffusers<=0.27.2; open-clip-torch==2.20.0,24,62,25.514403292181072
ComfyUI-MusePose-Remaster,16,einops==0.4.1; imageio==2.33.0; imageio-ffmpeg==0.4.9; omegaconf==2.2.3; opencv-contrib-python==4.8.1.78; opencv-python==4.8.1.78; scikit-image==0.21.0; scikit-learn==1.3.2; transformers==4.33.1; moviepy==1.0.3; urllib3==1.26.9; accelerate==0.29.3; decord==0.6.0; eva-decord==0.6.1; diffusers<=0.27.2; open-clip-torch==2.20.0,23,62,25.514403292181072
ComfyUI_SemanticSAM,6,timm==0.4.12; numpy==1.23.5; vision-datasets==0.2.2; kornia==0.6.4; torchmetrics==0.6.0; pillow==9.4.0,30,61,25.102880658436217
comfyui_llm_easyanimiate,4,torch==2.3.0+cu121; torchvision==0.18.0+cu121; diffusers==0.27.0; transformers==4.37.2,24,60,24.691358024691358
ComfyUI-Flowty-TripoSR,5,omegaconf==2.3.0; pillow==10.1.0; einops==0.7.0; transformers==4.35.0; trimesh==4.0.5,8,58,23.868312757201647
ComfyUI-Turtle_Graphics_Demos,5,pillow==10.4.0; opencv-python==4.11.0.86; webcolors==24.11.1; numpy==1.26.4; imageio==2.36.1,5,56,23.045267489711936
ComfyUI-SceneGenerator,4,pillow==9.0.1; requests==2.28.1; numpy==1.23.1; torch==1.13.1,4,56,23.045267489711936
ComfyUI-PhotoMaker-ZHO,4,diffusers==0.25.0; transformers==4.36.2; huggingface-hub==0.20.2; spaces==0.19.4,9,56,23.045267489711936
Gecco-Discord-Autosend,4,nextcord==2.5.0; pillow==9.5.0; python-dotenv==1.0.0; numpy==1.24.3,4,55,22.633744855967077
comfyui-nsfw-detection,2,transformers==4.45.0; pillow==10.3.0,2,55,22.633744855967077
comfyui_magicquill_fixed,12,torchsde==0.2.6; protobuf==4.25.4; transformers==4.37.2; tokenizers==0.15.1; sentencepiece==0.2.0; accelerate==0.33.0; peft==0.13.2; scikit-learn==1.2.2; einops==0.6.1; einops-exts==0.0.4; timm==0.6.13; webcolors==24.11.1,47,54,22.22222222222222
ComfyUI_MagicQuill,12,webcolors==1.13; torchsde==0.2.6; protobuf==4.25.4; transformers==4.37.2; tokenizers==0.15.1; sentencepiece==0.2.0; accelerate==0.33.0; peft==0.13.2; scikit-learn==1.2.2; einops==0.6.1; einops-exts==0.0.4; timm==0.6.13,47,54,22.22222222222222
ComfyUI-AutoTrimBG,3,torch==1.10.0; numpy==1.21.2; pillow==8.4.0,3,54,22.22222222222222
ComfyUI-Img2Img-Turbo,2,diffusers==0.25.1; transformers==4.35.2,4,54,22.22222222222222
ComfyUI-NSFW-Check,2,transformers==4.37.2; pillow==10.2.0,2,51,20.98765432098765
comfyui-stringsandthings,5,torch==2.5.1; torchvision==0.20.1; scipy==1.13.1; pillow==10.3.0; numpy==1.26.4,5,50,20.5761316872428
ComfyUI-DeepFuze,10,filetype==1.2.0; numpy==1.26.4; onnx==1.16.0; opencv-python==4.9.0.80; psutil==5.9.8; scipy==1.13.0; mutagen==1.47.0; pandas<2.0; gruut==2.2.3; opencv-python-headless==4.8.0.76,54,49,20.16460905349794
comfyui-colorwheel,4,torch==2.4.1; numpy==1.26.4; pillow==10.4.0; scikit-learn==1.5.2,4,48,19.753086419753085
ComfyUI_MaskGCT,2,transformers<=4.42.4; numpy==1.26.0,12,46,18.930041152263374
comfyui_if_memoavatar,18,librosa==0.10.2; audio-separator==0.24.1; funasr==1.0.27; insightface==0.7.3; accelerate==1.1.1; albumentations==1.4.21; black==23.12.1; einops==0.8.0; ffmpeg-python==0.2.0; huggingface-hub==0.26.2; imageio==2.36.0; imageio-ffmpeg==0.5.1; hydra-core==1.3.2; jax==0.4.35; mediapipe==0.10.18; modelscope==1.20.1; omegaconf==2.3.0; opencv-python-headless==4.10.0.84,36,45,18.51851851851852
ComfyUI-RVC,5,numpy==1.23.5; librosa==0.9.1; pyworld==0.3.2; torchcrepe==0.0.20; ffmpy==0.3.1,47,44,18.106995884773664
RealisDance-ComfyUI,4,imageio==2.27.0; decord==0.6.0; pyre-extensions==0.0.29; diffusers==0.30.1,26,44,18.106995884773664
comfy_clip_blip_node,3,timm==0.4.12; transformers==4.15.0; fairscale==0.4.4,4,43,17.695473251028808
promptprism,60,aiohappyeyeballs==2.4.4; aiohttp==3.11.11; aiosignal==1.3.2; annotated-types==0.7.0; anthropic==0.42.0; anyio==4.7.0; async-timeout==5.0.1; attrs==24.3.0; certifi==2024.12.14; charset-normalizer==3.4.1; click==8.1.8; colorama==0.4.6; deepseek==0.0.1.dev0; distro==1.9.0; docstring-parser==0.16; exceptiongroup==1.2.2; filelock==3.16.1; frozenlist==1.5.0; fsspec==2024.12.0; h11==0.14.0; httpcore==1.0.7; httpx==0.27.2; huggingface-hub==0.27.0; idna==3.10; importlib-metadata==8.5.0; instructor==1.7.2; jinja2==3.1.5; jiter==0.8.2; jsonschema==4.23.0; jsonschema-specifications==2024.10.1; litellm==1.56.6; markdown-it-py==3.0.0; markupsafe==3.0.2; mdurl==0.1.2; multidict==6.1.0; ollama==0.4.5; openai==1.58.1; packaging==24.2; propcache==0.2.1; pydantic==2.10.4; pydantic-core==2.27.2; pygments==2.18.0; python-dotenv==1.0.1; pyyaml==6.0.2; referencing==0.35.1; regex==2024.11.6; requests==2.32.3; rich==13.9.4; rpds-py==0.22.3; shellingham==1.5.4; sniffio==1.3.1; tenacity==9.0.0; tiktoken==0.8.0; tokenizers==0.21.0; tqdm==4.67.1; typer==0.15.1; typing-extensions==4.12.2; urllib3==2.3.0; yarl==1.18.3; zipp==3.21.0,60,42,17.28395061728395
comfyui-triposg,1,numpy==1.22.3,14,42,17.28395061728395
katalist-ai_comfyUI-nsfw-detection,11,coloredlogs==15.0.1; flatbuffers==24.3.25; humanfriendly==10.0; mpmath==1.3.0; numpy==1.26.4; onnx==1.16.0; onnxruntime==1.17.3; opencv-python-headless==4.9.0.80; packaging==24.0; protobuf==5.26.1; sympy==1.12,11,41,16.872427983539097
Lora-Training-in-Comfy,3,accelerate==0.23.0; transformers==4.30.2; gradio==3.41.2,32,41,16.872427983539097
comfyui-reactor,2,insightface==0.7.3; numpy==1.26.3,7,41,16.872427983539097
ComfyUI-Simple_QR_Codes,5,segno==1.6.1; segno-pil==1.0.0; qrcode==8.0; pillow==10.4.0; opencv-python==4.11.0.86,5,39,16.049382716049383
ComfyUI_PhotoDoodle,1,diffusers==0.32.2,5,39,16.049382716049383
comfyui-glifnodes-fork,1,diffusers==0.32.2,1,39,16.049382716049383
comfyui_dagthomas,8,pillow==10.4.0; requests==2.32.3; openai==1.44.0; blend-modes==2.1.0; huggingface_hub==0.24.6; color_matcher==0.5.0; chardet==5.2.0; google-generativeai==0.7.2,8,38,15.637860082304528
comfyui-Pollinations,4,requests<3.0.0; numpy<2.0.0; torch<2.0.0; pillow<9.0.0,4,38,15.637860082304528
VideoSys-ComfyUI,1,diffusers==0.30.0,23,38,15.637860082304528
comfyui-asv-nodes,1,transformers==4.43.2,1,38,15.637860082304528
ComfyUI-MotionCtrl,7,pytorch-lightning==1.9.0; psutil==5.9.5; annotated-types==0.5.0; imageio==2.14.1; imageio-ffmpeg==0.4.7; opencv-python==4.8.0.74; gradio==3.37.0,24,36,14.814814814814813
fooocus_nodes,6,accelerate==0.32.1; pytorch_lightning==2.3.3; pygit2==1.15.1; opencv-contrib-python-headless==4.10.0.84; httpx==0.27.0; timm==1.0.7,7,36,14.814814814814813
Openrouter-Node,4,requests==2.31.0; pillow==9.5.0; torch==2.0.1; torchvision==0.15.2,4,36,14.814814814814813
ComfyUI-SimDA,3,diffusers==0.11.1; bitsandbytes==0.35.4; decord==0.6.0,12,36,14.814814814814813
ComfyUI-Portrait-Maker,2,aliyun-python-sdk-core-v3==2.13.10; diffusers==0.18.2,12,36,14.814814814814813
comfyui-self-guidance,2,diffusers==0.26.3; fuzzywuzzy==0.18.0,2,36,14.814814814814813
comfyui_chatglm_api,1,transformers==4.41.1,2,36,14.814814814814813
comfyui-hf,1,transformers==4.26.1,1,35,14.40329218106996
ComfyUI_OOTDiffusion_CXH,1,diffusers==0.26.0,12,35,14.40329218106996
kingzcheung_ComfyUI_kkTranslator_nodes,1,transformers==4.26.1,6,35,14.40329218106996
Comfyui_segformer_b2_clothes,1,transformers==4.33.2,1,35,14.40329218106996
ComfyUI-Champ,1,transformers==4.30.2,12,34,13.991769547325102
ComfyUI-I2V-Adapter,1,diffusers==0.11.1,12,34,13.991769547325102
comfy_vid2vid,1,diffusers==0.11.1,2,34,13.991769547325102
ComfyUI-AnimateAnyone-reproduction,1,diffusers==0.25,6,34,13.991769547325102
comfyui_slk_joy_caption_two,3,huggingface_hub==0.23.4; numpy==1.26.4; sentencepiece==0.2.0,7,32,13.168724279835391
ComfyUI-MotionCtrl-SVD,6,pytorch-lightning==1.9.0; psutil==5.9.5; annotated-types==0.5.0; imageio==2.14.1; imageio-ffmpeg==0.4.7; opencv-python==4.8.0.74,27,31,12.757201646090536
sketch2manga,3,numpy==1.26.4; gradio==3.41.2; gradio-client==0.5.0,15,31,12.757201646090536
LoadLoraModelOnlyWithUrl,1,diffusers==0.24.0,1,31,12.757201646090536
ComfyUI-OOTDiffusion,1,diffusers==0.24.0,16,31,12.757201646090536
comfyui-glifnodes,1,diffusers==0.24.0,1,31,12.757201646090536
ComfyUI-PixelML-CustomNodes,1,diffusers==0.24.0,7,31,12.757201646090536
ComfyUI-Moore-AnimateAnyone,1,diffusers==0.24.0,24,31,12.757201646090536
ComfyUI_PCDMs,1,diffusers==0.24.0,4,31,12.757201646090536
ComfyUI-DragNUWA,7,black==23.7.0; chardet==5.1.0; kornia==0.6.9; opencv-python==4.6.0.66; pytorch-lightning==2.1.0; tensorboardx==2.6; urllib3<1.27,46,30,12.345679012345679
secureapicall,3,boto3==1.34.32; python-dotenv==1.0.1; pillow==10.1.0,3,29,11.934156378600823
ComfyUI-moondream,2,accelerate==0.25.0; timm==0.9.12,5,29,11.934156378600823
Comfyui_joy-caption-alpha-two,3,huggingface_hub==0.23.4; accelerate==1.1.1; peft==0.13.2,4,27,11.11111111111111
ComfyUI_CatVTON_Wrapper,2,numpy<2.0; pillow<10.0.0,6,27,11.11111111111111
ComfyUI-SmartCrop,1,pillow==10.3.0,1,27,11.11111111111111
diffusers-in-comfyui,3,opencv-python==4.10.0.84; peft==0.14.0; omegaconf==2.3.0,4,26,10.699588477366255
FireRedTTS-ComfyUI,1,numpy==1.26.4,14,25,10.2880658436214
comfyui-impact-subpack,1,numpy==1.26.4,5,25,10.2880658436214
F5-TTS-ComfyUI,1,numpy==1.26.4,26,25,10.2880658436214
comfyui_glm4_wrapper,1,numpy==1.26.4,19,25,10.2880658436214
ComfyUI-MARS5-TTS,1,numpy==1.26.4,7,25,10.2880658436214
ComfyUI-FaceSwap,4,insightface==0.7.3; onnx==1.14.0; onnxruntime==1.15.0; opencv-python==4.7.0.72,5,24,9.876543209876543
NodeGPT,2,pillow<10; websockets<12.0,5,22,9.053497942386832
comfyui-kandinsky22,1,accelerate==0.27.2,3,22,9.053497942386832
ComfyUI-ToonCrafter,5,imageio==2.9.0; omegaconf==2.1.1; pytorch_lightning==1.9.3; open_clip_torch==2.22.0; decord==0.6.0,15,20,8.23045267489712
Comfyui_Lama,5,easydict==1.9.0; albumentations==0.5.2; hydra-core==1.1.0; pytorch-lightning==1.2.9; kornia==0.5.0,19,18,7.4074074074074066
comfyui-faceless-node,3,filetype==1.2.0; opencv-python==4.9.0.80; ufile==3.2.9,3,18,7.4074074074074066
ComfyUI_Light_A_Video,2,tqdm==4.67.1; protobuf==3.20,14,16,6.584362139917696
ComfyUI-SVD,2,pytorch-lightning==2.0.1; kornia==0.6.9,8,13,5.349794238683128
deep-exemplar-based-video-colorization,1,scipy==1.2,19,13,5.349794238683128
comfyui-seggpt,3,fvcore==0.1.5.post20221221; fairscale==0.4.13; timm==0.6.7,3,12,4.938271604938271
comfyui-elegant-resource-monitor,19,bidict==0.23.1; blinker==1.8.2; click==8.1.7; colorama==0.4.6; flask==3.0.3; flask-cors==5.0.0; flask-socketio==5.3.6; gputil==1.4.0; h11==0.14.0; itsdangerous==2.2.0; jinja2==3.1.4; markupsafe==2.1.5; psutil==6.0.0; pyadl==0.1; python-engineio==4.9.1; python-socketio==5.11.3; simple-websocket==1.0.0; werkzeug==3.0.4; wsproto==1.2.0,19,11,4.526748971193416
Comfyui_face_restorer,5,facexlib==0.2.5; ffmpeg-python==0.2.0; pytorch-lightning==1.0.8; basicsr==1.4.2; test-tube==0.7.5,6,11,4.526748971193416
img2txt-comfyui-nodes,1,transformers<=4.41.2,6,11,4.526748971193416
ComfyUI-IPAdapter-Flux,1,einops==0.8.0,5,11,4.526748971193416
ComfyUI_roop,3,insightface==0.7.3; onnx==1.14.0; onnxruntime==1.15.0,4,10,4.11522633744856
comfyui_jc2,3,huggingface_hub<=0.25; transformers<=4.45.1; peft==0.12.0,6,10,4.11522633744856
ComfyUI_LLaSM,1,protobuf==3.19.0,8,10,4.11522633744856
markitdown,3,markitdown==0.0.1a3; openai==1.58.1; python-dotenv==1.0.1,3,9,3.7037037037037033
videox-fun,2,gradio<=3.48.0; diffusers<=0.31.0,26,9,3.7037037037037033
ComfyUI-tbox,2,onnxruntime-gpu==1.18.0; onnxruntime==1.18.0,11,9,3.7037037037037033
easyanimate,2,gradio<=3.48.0; diffusers<=0.31.0,26,9,3.7037037037037033
ComfyUI-Disco-Diffusion,1,imageio-ffmpeg==0.4.4,9,9,3.7037037037037033
ComfyUI_Sticker_Compositer,13,anyio==3.7.1; certifi==2024.8.30; exceptiongroup==1.2.2; googletrans-py==4.0.0; h11==0.14.0; h2==4.1.0; hpack==4.0.0; httpcore==0.17.3; httpx==0.24.1; hyperframe==6.0.1; idna==3.10; sniffio==1.3.1; typing-extensions==4.7.1,13,8,3.292181069958848
comfyui-googletrans,13,anyio==3.7.1; certifi==2024.8.30; exceptiongroup==1.2.2; googletrans-py==4.0.0; h11==0.14.0; h2==4.1.0; hpack==4.0.0; httpcore==0.17.3; httpx==0.24.1; hyperframe==6.0.1; idna==3.10; sniffio==1.3.1; typing-extensions==4.7.1,13,8,3.292181069958848
ComfyUI-Image-Harmonizer,13,anyio==3.7.1; certifi==2024.8.30; exceptiongroup==1.2.2; googletrans-py==4.0.0; h11==0.14.0; h2==4.1.0; hpack==4.0.0; httpcore==0.17.3; httpx==0.24.1; hyperframe==6.0.1; idna==3.10; sniffio==1.3.1; typing-extensions==4.7.1,13,8,3.292181069958848
jhj0517_ComfyUI-Moondream-Gaze-Detection,2,matplotlib==3.10.0; pyvips==2.2.3,4,8,3.292181069958848
ComfyUI-Flux-TryOff,2,numpy<2.0; tox==4.21.0,5,8,3.292181069958848
comfyui-moondream-gaze-detection,2,matplotlib==3.10.0; pyvips==2.2.3,4,8,3.292181069958848
Plush-for-ComfyUI,2,openai==1.12.0; google-genai==1.5.0,9,8,3.292181069958848
birefnet_universal,2,transformers<=4.48.0; numpy<2,14,8,3.292181069958848
HivisionIDPhotos-ComfyUI,1,numpy<=1.26.4,6,8,3.292181069958848
jovimetrix,1,numpy<2,11,8,3.292181069958848
ComfyUI_CogView4_Wrapper,1,numpy<2.0,5,8,3.292181069958848
ComfyUI_InvSR,1,numpy<2,6,8,3.292181069958848
comfyui-inspire-pack,1,numpy<2,5,8,3.292181069958848
comfyui-impact-pack,1,numpy<2,9,8,3.292181069958848
comfyui-fluxtrainer,1,numpy<=1.26.4,23,8,3.292181069958848
comfyui-dream-video-batches,1,numpy<2.0.0,6,8,3.292181069958848
comfyui-jakeupgrade,1,numpy<2,6,8,3.292181069958848
ComfyUI_Janus_Wrapper,1,numpy<2.0,10,8,3.292181069958848
comfyui-bvortexnodes,1,numpy<2,5,8,3.292181069958848
comfyui-sam2,1,numpy<2,10,8,3.292181069958848
comfyui-liveportraitkj,1,numpy<=1.26.4,7,8,3.292181069958848
ComfyUI-PhotoMaker-Plus,1,numpy<2,4,8,3.292181069958848
ComfyUI_OmniGen_Wrapper,1,numpy<2,9,8,3.292181069958848
ComfyUI-PyramidFlowWrapper,1,numpy<=1.26.4,9,8,3.292181069958848
kokorotts_mw,1,numpy<2,6,8,3.292181069958848
comfyui-depthpro,1,numpy<2,2,8,3.292181069958848
ComfyUI-Depth-Pro,1,numpy<2,2,8,3.292181069958848
ComfyUI_FaceShaper,1,numpy<=1.26.4,7,8,3.292181069958848
comfyui-minicpm-plus,1,sentencepiece==0.1.99,15,8,3.292181069958848
jovi_glsl,1,numpy<2,7,8,3.292181069958848
SenseVoice-ComfyUI,1,numpy<=1.26.4,5,8,3.292181069958848
comfyui-dream-painter,1,numpy<2.0.0,7,8,3.292181069958848
omnigen-set,1,numpy<2,9,8,3.292181069958848
jovi_capture,1,numpy<2,10,8,3.292181069958848
comfyui-lf,1,openai==1.12.0,7,8,3.292181069958848
jovi_measure,1,numpy<2,3,8,3.292181069958848
comfyui_vlm_nodes,1,numpy<2.0.0,28,8,3.292181069958848
ComfyUI-BPT,3,x-transformers==1.26.6; networkx==3.4.2; deepspeed==0.16.3,32,7,2.880658436213992
comfyui-Image-reward,2,timm==0.6.13; fairscale==0.4.13,3,7,2.880658436213992
Cyber-BCat_ComfyUI_Auto_Caption,1,huggingface_hub==0.24.3,7,7,2.880658436213992
comfyui_auto_caption,1,huggingface_hub==0.24.3,7,7,2.880658436213992
ComfyUI-XTTS,6,numba==0.55.1; mutagen==1.47.0; pandas<2.0; gruut==2.2.3; mecab-python3==1.0.6; unidic-lite==1.0.8,45,6,2.4691358024691357
comfyui-tensorops,1,boto3==1.34.86,8,6,2.4691358024691357
ComfyUI-InstaSD,1,boto3==1.28.57,1,6,2.4691358024691357
ComfyUI_Demucs,1,torchaudio<2.1,18,6,2.4691358024691357
ComfyUI-Azure-Blob-Storage,3,python-dotenv==1.0.1; boto3==1.34.32; azure-storage-blob==12.20.0,3,5,2.05761316872428
comfys3,2,python-dotenv==1.0.1; boto3==1.34.32,2,5,2.05761316872428
ComfyUI_Sapiens,1,ultralytics==8.2.84,1,5,2.05761316872428
ComfyUI-Flowty-LDSR,1,torchmetrics==0.11.4,7,5,2.05761316872428
comfyui_yolo_classifiers,1,ultralytics==8.2.32,1,5,2.05761316872428
GSTTS-ComfyUI,2,numba==0.56.4; opencc==1.1.1,35,4,1.646090534979424
Comfyui-CraftsMan3DWrapper,1,numba==0.59.1,26,4,1.646090534979424
ruucm-comfy,1,fastapi==0.108.0,2,4,1.646090534979424
comfyui-ollama,1,ollama==0.4.8,1,4,1.646090534979424
ComfyUI-JoyHallo_wrapper,2,mediapipe==0.10.14; moviepy==1.0.3,9,3,1.2345679012345678
ComfyUI-YoloWorld-EfficientSAM,1,inference-gpu==0.9.13,1,3,1.2345679012345678
ComfyUI-DynamiCrafter,1,open_clip_torch==2.22.0,17,3,1.2345679012345678
ComfyUI_MangaNinjia,1,basicsr==1.3.5,25,3,1.2345679012345678
comfyui-ollama-prompt-encode,1,ollama==0.4.2,1,3,1.2345679012345678
comfyui-prompt-enhancer,1,ollama==0.4.2,1,3,1.2345679012345678
ComfyUI_Hallo,1,mediapipe==0.10.14,27,3,1.2345679012345678
Comfyui-FlowChain,1,gradio_client==0.8.0,1,3,1.2345679012345678
JoyHallo-ComfyUI,1,mediapipe==0.10.14,26,3,1.2345679012345678
ComfyUI-Hallo,1,mediapipe==0.10.14,21,3,1.2345679012345678
ComfyUI-FaceChain,4,aliyun-python-sdk-core-v3==2.13.10; python-slugify==8.0.1; controlnet_aux==0.0.6; mmdet==2.26.0,11,2,0.823045267489712
eden_comfy_pipelines,3,clip-interrogator==0.6.0; open_clip_torch==2.26.1; py7zr==0.22.0,10,2,0.823045267489712
img2colors-comfyui-node,2,colornamer==0.2.3; webcolors==1.13,3,2,0.823045267489712
comfydv,2,colorama==0.4.6; termcolor==2.5.0,3,2,0.823045267489712
nui-suite,1,dynamicprompts==0.23.0,1,2,0.823045267489712
comfyui_usability,1,watchdog==3.0.0,1,2,0.823045267489712
hidream_sampler,2,triton-windows==3.3.0a0.post17; triton<3.1.0,14,1,0.411522633744856
comfyui_ryanonyheinside,2,librosa==0.10.2; pymunk==6.8.1,11,1,0.411522633744856
comfyui-utils-nodes,2,deepface==0.0.93; tf-keras==2.17.0,5,1,0.411522633744856
comfyui_ryanontheinside,2,librosa==0.10.2; pymunk==6.8.1,11,1,0.411522633744856
comfyui-styles_csv_loader_zh,1,googletrans==4.0.0-rc1,2,1,0.411522633744856
comfyui_simpletools,1,googletrans==3.1.0a0,1,1,0.411522633744856
comfyui-deepface,1,deepface==0.0.89,1,1,0.411522633744856
comfyui_llm_party,1,httpx<=0.27.2,68,1,0.411522633744856
comfyui-dynamicprompts,1,dynamicprompts==0.30.2,1,1,0.411522633744856
comfyui-et_dynamicprompts,1,dynamicprompts==0.30.2,1,1,0.411522633744856
petty-paint-comfyui-node,1,flask==2.1.2,1,1,0.411522633744856
comfyui_minioconnector,3,aliyun-python-sdk-core-v3==2.13.10; aliyun-python-sdk-kms==2.13.10; oss2==2.13.1,5,0,0.0
lth_extended_prompting_nodes,2,comfyui-frontend-package==1.17.11; comfyui-workflow-templates==0.1.3,24,0,0.0
ComfyUI-dust3r,1,pyglet<2,8,0,0.0
comfyui-sound-lab,1,x-transformers<1.27.0,13,0,0.0
comfy-pants,1,clip-interrogator==0.6.0,1,0,0.0
pt-wrapper,1,gensim==4.3.2,11,0,0.0
videoclipgenerator,1,ffmpeg-python==0.2.0,8,0,0.0
ComfyUI_Florence2SAM2,1,flit_core<4,11,0,0.0
comfyui-faster-whisper,1,faster-whisper==1.0.3,2,0,0.0
ComfyUI-GG,1,sd_parsers==0.3.1,1,0,0.0
ComfyUI-DiffSynth-Studio,1,controlnet-aux==0.0.7,11,0,0.0
comfyui-kokoro,1,kokoro-onnx==0.4.2,5,0,0.0
komojini-comfyui-nodes,1,pytube==15.0.0,7,0,0.0
bringing-old-photos-back-to-life,1,dlib==19.24.1,7,0,0.0
comfyui-mixlab-nodes,1,clip-interrogator==0.6.0,29,0,0.0
DiffSynth-ComfyUI,1,controlnet-aux==0.0.7,11,0,0.0
comfyui-simswap,1,insightface==0.7.3,5,0,0.0
nnt,1,shap==0.41.0,26,0,0.0
comfyui-lumaai-api,1,lumaai==1.7.0,4,0,0.0
comfy-rvc,1,faiss-cpu==1.7.4,24,0,0.0
comfyui-controlnetaux,1,controlnet-aux==0.0.7,3,0,0.0
ComfyUI_FishSpeech_EX,1,vector-quantize-pytorch==1.14.24,13,0,0.0
comfyui-depthflow-nodes,1,depthflow==0.8.0.dev0,3,0,0.0
comfyui-catvton,1,ninja==1.11.1.1,30,0,0.0
comfyui-jh-xmp-metadata-nodes,1,lxml==5.3.0,1,0,0.0
comfy_meh,1,sd-meh==0.9.5,4,0,0.0
comfyui-imagereward,1,image-reward==1.4,2,0,0.0
simplewildcardscomfyui,1,pipe==2.2,1,0,0.0
comfyui-timesaver,1,transformers<=4.48.3,11,0,0.0
comfyui-griptape,1,poetry==1.8.5,7,0,0.0
ComfyUI-FishSpeech,1,einx==0.2.2,23,0,0.0
mflux-comfyui,1,mflux==0.4.1,1,0,0.0
comfy_remote_run,1,websockets<14.0.0,1,0,0.0
comfyui-photomakerv2-native,1,insightface==0.7.3,1,0,0.0
ComfyUI-LMCQ,1,torch<3.0.0,6,0,0.0
comfyui-flux-replicate-api,1,replicate==1.0.4,2,0,0.0
comfyui-manager,1,matrix-client==0.4.0,11,0,0.0
comfyui-fairlab,1,googletrans-py==4.0.0,5,0,0.0
